CREATE DATABASE ecommerce_db;
USE ecommerce_db;
CREATE TABLE orders (
    order_id INT PRIMARY KEY,
    customer_id INT,
    order_date DATE,
    total_amount DECIMAL(10,2)
);

CREATE TABLE order_items (
    order_item_id INT PRIMARY KEY,
    order_id INT,
    product_id INT,
    quantity INT,
    price DECIMAL(10,2)
);

INSERT INTO orders VALUES
(1, 101, '2023-01-01', 500),
(2, 102, '2023-01-02', 300),
(3, 101, '2023-01-05', 700),
(4, 103, '2023-01-07', 200);

INSERT INTO order_items VALUES
(1, 1, 201, 2, 200),
(2, 1, 202, 1, 100),
(3, 2, 201, 1, 300),
(4, 3, 203, 2, 350),
(5, 4, 202, 2, 100);
